{"cameraMode":{"drawMode":0,"name":"Shaded","section":"Shading Mode"},"sceneLighting":true,"audioPlay":false,"sceneViewState":{"m_AlwaysRefresh":false,"showFog":true,"showSkybox":true,"showFlares":true,"showImageEffects":true,"showParticleSystems":true,"showVisualEffectGraphs":true,"m_FxEnabled":true},"in2DMode":false,"pivot":{"x":12.796833038330079,"y":8.040643692016602,"z":-4.1466450691223148},"rotation":{"x":0.2297528237104416,"y":-0.6929672956466675,"z":0.25047048926353457,"w":0.6358671188354492},"size":0.8660253882408142,"orthographic":false}