{"cameraMode":{"drawMode":0,"name":"Shaded","section":"Shading Mode"},"sceneLighting":true,"audioPlay":false,"sceneViewState":{"m_AlwaysRefresh":false,"showFog":true,"showSkybox":true,"showFlares":true,"showImageEffects":true,"showParticleSystems":true,"showVisualEffectGraphs":true,"m_FxEnabled":true},"in2DMode":false,"pivot":{"x":-0.8182576298713684,"y":0.004332635551691055,"z":4.130120277404785},"rotation":{"x":0.2357165813446045,"y":-0.6680883765220642,"z":0.23696349561214448,"w":0.6648319363594055},"size":8.941353797912598,"orthographic":false}