{"cameraMode":{"drawMode":0,"name":"Shaded","section":"Shading Mode"},"sceneLighting":true,"audioPlay":false,"sceneViewState":{"m_AlwaysRefresh":false,"showFog":true,"showSkybox":true,"showFlares":true,"showImageEffects":true,"showParticleSystems":true,"showVisualEffectGraphs":true,"m_FxEnabled":true},"in2DMode":false,"pivot":{"x":17.896150588989259,"y":12.519881248474121,"z":-6.508668422698975},"rotation":{"x":-0.29471975564956667,"y":0.5843246579170227,"z":-0.23992636799812318,"w":-0.7174604535102844},"size":13.891913414001465,"orthographic":false}