{"cameraMode":{"drawMode":0,"name":"Shaded","section":"Shading Mode"},"sceneLighting":false,"audioPlay":false,"sceneViewState":{"m_AlwaysRefresh":false,"showFog":true,"showSkybox":false,"showFlares":true,"showImageEffects":true,"showParticleSystems":true,"showVisualEffectGraphs":true,"m_FxEnabled":true},"in2DMode":false,"pivot":{"x":0.21589255332946778,"y":0.5181677341461182,"z":0.04440212622284889},"rotation":{"x":-0.1315062791109085,"y":0.7074743509292603,"z":-0.13665537536144257,"w":-0.6808169484138489},"size":0.5271215438842773,"orthographic":false}