{"cameraMode":{"drawMode":0,"name":"Shaded","section":"Shading Mode"},"sceneLighting":false,"audioPlay":false,"sceneViewState":{"m_AlwaysRefresh":false,"showFog":true,"showSkybox":false,"showFlares":true,"showImageEffects":true,"showParticleSystems":true,"showVisualEffectGraphs":true,"m_FxEnabled":true},"in2DMode":false,"pivot":{"x":-0.5789235234260559,"y":1.1212655305862427,"z":-0.26268240809440615},"rotation":{"x":-0.025852713733911516,"y":0.9340142011642456,"z":-0.06906546652317047,"w":-0.3496472239494324},"size":1.8043485879898072,"orthographic":false}