{"cameraMode":{"drawMode":0,"name":"Shaded","section":"Shading Mode"},"sceneLighting":false,"audioPlay":false,"sceneViewState":{"m_AlwaysRefresh":false,"showFog":true,"showSkybox":false,"showFlares":true,"showImageEffects":true,"showParticleSystems":true,"showVisualEffectGraphs":true,"m_FxEnabled":true},"in2DMode":false,"pivot":{"x":-1.2543226480484009,"y":0.33511415123939516,"z":-0.8566441535949707},"rotation":{"x":0.12948593497276307,"y":-0.8497284054756165,"z":0.24507075548171998,"w":0.4488413631916046},"size":1.7313276529312134,"orthographic":false}