{"cameraMode":{"drawMode":0,"name":"Shaded","section":"Shading Mode"},"sceneLighting":true,"audioPlay":false,"sceneViewState":{"m_AlwaysRefresh":false,"showFog":true,"showSkybox":true,"showFlares":true,"showImageEffects":true,"showParticleSystems":true,"showVisualEffectGraphs":true,"m_FxEnabled":true},"in2DMode":false,"pivot":{"x":6.8741230964660648,"y":8.853887557983399,"z":6.803117752075195},"rotation":{"x":0.19607524573802949,"y":-0.6812136769294739,"z":0.19698292016983033,"w":0.6775793433189392},"size":0.27997833490371706,"orthographic":false}