{"cameraMode":{"drawMode":0,"name":"Shaded","section":"Shading Mode"},"sceneLighting":true,"audioPlay":false,"sceneViewState":{"m_AlwaysRefresh":false,"showFog":true,"showSkybox":true,"showFlares":true,"showImageEffects":true,"showParticleSystems":true,"showVisualEffectGraphs":true,"m_FxEnabled":true},"in2DMode":false,"pivot":{"x":0.20231389999389649,"y":-15.351116180419922,"z":30.984954833984376},"rotation":{"x":-0.4108087718486786,"y":-0.0035828931722790004,"z":0.0015377652598544956,"w":-0.9117953777313232},"size":21.05141830444336,"orthographic":false}