{"cameraMode":{"drawMode":0,"name":"Shaded","section":"Shading Mode"},"sceneLighting":false,"audioPlay":false,"sceneViewState":{"m_AlwaysRefresh":false,"showFog":true,"showSkybox":false,"showFlares":true,"showImageEffects":true,"showParticleSystems":true,"showVisualEffectGraphs":true,"m_FxEnabled":true},"in2DMode":false,"pivot":{"x":0.08532079309225083,"y":0.8726136684417725,"z":-0.1014009416103363},"rotation":{"x":0.02784118428826332,"y":-0.9866901636123657,"z":0.1596810668706894,"w":-0.05778934806585312},"size":1.3303183317184449,"orthographic":false}