{"cameraMode":{"drawMode":0,"name":"Shaded","section":"Shading Mode"},"sceneLighting":false,"audioPlay":false,"sceneViewState":{"m_AlwaysRefresh":false,"showFog":true,"showSkybox":false,"showFlares":true,"showImageEffects":true,"showParticleSystems":true,"showVisualEffectGraphs":true,"m_FxEnabled":true},"in2DMode":false,"pivot":{"x":-14.328624725341797,"y":1.100000023841858,"z":-1.1150953769683838},"rotation":{"x":-0.11846140027046204,"y":0.036027077585458758,"z":-0.004438332747668028,"w":-0.9924029111862183},"size":2.0548489093780519,"orthographic":false}