{"cameraMode":{"drawMode":0,"name":"Shaded","section":"Shading Mode"},"sceneLighting":false,"audioPlay":false,"sceneViewState":{"m_AlwaysRefresh":false,"showFog":true,"showSkybox":false,"showFlares":true,"showImageEffects":true,"showParticleSystems":true,"showVisualEffectGraphs":true,"m_FxEnabled":true},"in2DMode":false,"pivot":{"x":0.29570460319519045,"y":1.0418202877044678,"z":-0.03727969899773598},"rotation":{"x":0.04790210723876953,"y":-0.9883623123168945,"z":0.13206087052822114,"w":0.08107199519872666},"size":1.3721904754638672,"orthographic":false}